{
"renda":{"1":4592.7743118684,"2":2486.5388073061,"3":2852.3401168596,"4":4703.7828119456},
"idade":{"1":48.2306622957,"2":56.8817093875,"3":51.6840213128,"4":50.7290781684},
"etnia":{"1":1,"2":0,"3":1,"4":1},
"sexo":{"1":0,"2":1,"3":1,"4":1},
"casapropria":{"1":1,"2":0,"3":1,"4":1},
"outrasrendas":{"1":0,"2":0,"3":1,"4":0},
"estadocivil":{"1":1,"2":0,"3":1,"4":1},
"escolaridade":{"1":2,"2":2,"3":3,"4":2}
}