{
"renda":{"1":4592.7743118684,"2":2486.5388073061},
"idade":{"1":48.2306622957,"2":56.8817093875},
"etnia":{"1":1,"2":0},
"sexo":{"1":0,"2":1},
"casapropria":{"1":1,"2":0},
"outrasrendas":{"1":0,"2":0},
"estadocivil":{"1":1,"2":0},
"escolaridade":{"1":2,"2":0}
}